"","foundation","word"
"1","care","alleviate"
"2","care","alleviated"
"3","care","alleviates"
"4","care","alleviating"
"5","care","alleviation"
"6","care","altruism"
"7","care","altruist"
"8","care","beneficence"
"9","care","beneficiary"
"10","care","benefit"
"11","care","benefits"
"12","care","benefitted"
"13","care","benefitting"
"14","care","benevolence"
"15","care","benevolent"
"16","care","care"
"17","care","cared"
"18","care","caregiver"
"19","care","cares"
"20","care","caring"
"21","care","caringly"
"22","care","charitable"
"23","care","charity"
"24","care","child"
"25","care","childbearing"
"26","care","childbirth"
"27","care","childcare"
"28","care","childhood"
"29","care","clothe"
"30","care","comfort"
"31","care","comforted"
"32","care","comforting"
"33","care","compassion"
"34","care","compassionate"
"35","care","compassionately"
"36","care","condolence"
"37","care","condolences"
"38","care","console"
"39","care","consoled"
"40","care","consoles"
"41","care","consoling"
"42","care","consolingly"
"43","care","empathised"
"44","care","empathises"
"45","care","empathising"
"46","care","empathize"
"47","care","empathized"
"48","care","empathizers"
"49","care","empathizes"
"50","care","empathizing"
"51","care","empathy"
"52","care","feed"
"53","care","feeder"
"54","care","feeding"
"55","care","feeds"
"56","care","generosity"
"57","care","generous"
"58","care","generously"
"59","care","gentleness"
"60","care","heal"
"61","care","healed"
"62","care","healer"
"63","care","healers"
"64","care","healing"
"65","care","heals"
"66","care","health"
"67","care","healthcare"
"68","care","healthier"
"69","care","healthiness"
"70","care","healthy"
"71","care","help"
"72","care","helped"
"73","care","helper"
"74","care","helpers"
"75","care","helpful"
"76","care","helpfulness"
"77","care","helping"
"78","care","helps"
"79","care","hospitable"
"80","care","hospital"
"81","care","hospitalise"
"82","care","hospitalises"
"83","care","hospitalising"
"84","care","hospitality"
"85","care","hospitalization"
"86","care","hospitalize"
"87","care","hospitalized"
"88","care","hospitalizes"
"89","care","hospitalizing"
"90","care","hug"
"91","care","hugged"
"92","care","hugger"
"93","care","hugging"
"94","care","hugs"
"95","care","humane"
"96","care","kindness"
"97","care","love"
"98","care","loved"
"99","care","lover"
"100","care","loves"
"101","care","loving"
"102","care","lovingly"
"103","care","merciful"
"104","care","mercy"
"105","care","mommy"
"106","care","mother"
"107","care","mothered"
"108","care","motherhood"
"109","care","mothering"
"110","care","motherly"
"111","care","mothers"
"112","care","nurse"
"113","care","nursed"
"114","care","nursemaid"
"115","care","nursery"
"116","care","nurses"
"117","care","nursing"
"118","care","nurturance"
"119","care","nurture"
"120","care","nurtured"
"121","care","nurturer"
"122","care","nurturers"
"123","care","nurtures"
"124","care","nurturing"
"125","care","parenting"
"126","care","patient"
"127","care","patients"
"128","care","pitied"
"129","care","pities"
"130","care","pity"
"131","care","pitying"
"132","care","pityingly"
"133","care","protect"
"134","care","protected"
"135","care","protecter"
"136","care","protecters"
"137","care","protecting"
"138","care","protection"
"139","care","protective"
"140","care","protectiveness"
"141","care","protector"
"142","care","protectorate"
"143","care","protects"
"144","care","relief"
"145","care","relieve"
"146","care","relieved"
"147","care","reliever"
"148","care","relievers"
"149","care","relieves"
"150","care","relieving"
"151","care","rescue"
"152","care","rescued"
"153","care","rescuer"
"154","care","rescuers"
"155","care","rescues"
"156","care","rescuing"
"157","care","safe"
"158","care","safeguard"
"159","care","safekeeping"
"160","care","safely"
"161","care","safeness"
"162","care","safety"
"163","care","share"
"164","care","shared"
"165","care","sharer"
"166","care","shares"
"167","care","sharing"
"168","care","solace"
"169","care","sympathize"
"170","care","sympathizer"
"171","care","sympathizers"
"172","care","sympathizing"
"173","care","sympathy"
"174","care","unharmed"
"175","care","unharmful"
"176","care","vulnerability"
"177","care","vulnerable"
"178","care","warmhearted"
"179","care","wound"
"180","care","wounded"
"181","care","wounding"
"182","care","wounds"
"183","care","abused"
"184","care","abuser"
"185","care","abusers"
"186","care","abuses"
"187","care","abusing"
"188","care","ache"
"189","care","ached"
"190","care","aches"
"191","care","aching"
"192","care","achingly"
"193","care","afflict"
"194","care","afflicted"
"195","care","affliction"
"196","care","afflictions"
"197","care","afflicts"
"198","care","agonize"
"199","care","agonized"
"200","care","agonizing"
"201","care","agonizingly"
"202","care","agony"
"203","care","anguish"
"204","care","anguished"
"205","care","anguishes"
"206","care","anguishing"
"207","care","annihilate"
"208","care","annihilated"
"209","care","annihilates"
"210","care","annihilation"
"211","care","annihilator"
"212","care","assassin"
"213","care","assassinate"
"214","care","assassinated"
"215","care","assassinates"
"216","care","assassinating"
"217","care","assassination"
"218","care","assassinations"
"219","care","assassins"
"220","care","assault"
"221","care","assaulted"
"222","care","assaulter"
"223","care","assaulters"
"224","care","assaulting"
"225","care","assaults"
"226","care","attack"
"227","care","attacked"
"228","care","attacker"
"229","care","attackers"
"230","care","attacks"
"231","care","brutalisation"
"232","care","brutalise"
"233","care","brutalises"
"234","care","brutality"
"235","care","brutalization"
"236","care","brutalize"
"237","care","brutalized"
"238","care","brutalizes"
"239","care","brutalizing"
"240","care","bullied"
"241","care","bullies"
"242","care","bully"
"243","care","bullyboy"
"244","care","bullying"
"245","care","carnage"
"246","care","casualties"
"247","care","casualty"
"248","care","coldhearted"
"249","care","cried"
"250","care","crier"
"251","care","cries"
"252","care","cruel"
"253","care","cruelness"
"254","care","cruelty"
"255","care","crying"
"256","care","damage"
"257","care","damaged"
"258","care","damager"
"259","care","damages"
"260","care","damaging"
"261","care","destroy"
"262","care","destroyed"
"263","care","destroyer"
"264","care","destroyers"
"265","care","destroying"
"266","care","destroys"
"267","care","destruction"
"268","care","die"
"269","care","discomfort"
"270","care","discomforted"
"271","care","discomforting"
"272","care","discomforts"
"273","care","distress"
"274","care","distressed"
"275","care","distresses"
"276","care","distressing"
"277","care","distressingly"
"278","care","duress"
"279","care","endanger"
"280","care","endangered"
"281","care","endangering"
"282","care","endangers"
"283","care","exploit"
"284","care","exploitation"
"285","care","exploited"
"286","care","exploiter"
"287","care","exploiters"
"288","care","exploiting"
"289","care","exploits"
"290","care","fatalities"
"291","care","fatality"
"292","care","fight"
"293","care","fighter"
"294","care","fighters"
"295","care","fighting"
"296","care","fights"
"297","care","genocidal"
"298","care","genocide"
"299","care","genocides"
"300","care","harass"
"301","care","harassed"
"302","care","harasser"
"303","care","harassers"
"304","care","harasses"
"305","care","harassing"
"306","care","harassment"
"307","care","harm"
"308","care","harmed"
"309","care","harmful"
"310","care","harmfulness"
"311","care","harming"
"312","care","harms"
"313","care","harsh"
"314","care","harsher"
"315","care","harshness"
"316","care","hunger"
"317","care","hungered"
"318","care","hungering"
"319","care","hungers"
"320","care","hurt"
"321","care","hurtful"
"322","care","hurting"
"323","care","hurts"
"324","care","inflict"
"325","care","inflicted"
"326","care","inflicting"
"327","care","inflicts"
"328","care","inhospitable"
"329","care","inhospitality"
"330","care","inhuman"
"331","care","inhumanity"
"332","care","injured"
"333","care","injurer"
"334","care","injurers"
"335","care","injures"
"336","care","injuring"
"337","care","injurious"
"338","care","injury"
"339","care","kill"
"340","care","killed"
"341","care","killer"
"342","care","killers"
"343","care","killing"
"344","care","kills"
"345","care","malevolence"
"346","care","malevolent"
"347","care","maltreat"
"348","care","maltreated"
"349","care","maltreating"
"350","care","maltreatment"
"351","care","manhandle"
"352","care","manhandles"
"353","care","mistreat"
"354","care","mistreated"
"355","care","mistreating"
"356","care","mistreatment"
"357","care","mistreats"
"358","care","molest"
"359","care","molestation"
"360","care","molested"
"361","care","molester"
"362","care","molesters"
"363","care","molesting"
"364","care","molests"
"365","care","murder"
"366","care","murdered"
"367","care","murderer"
"368","care","murderers"
"369","care","murderess"
"370","care","murdering"
"371","care","murderous"
"372","care","murders"
"373","care","needier"
"374","care","neediness"
"375","care","needy"
"376","care","pain"
"377","care","pained"
"378","care","painfulness"
"379","care","paining"
"380","care","pains"
"381","care","persecute"
"382","care","persecuted"
"383","care","persecutes"
"384","care","persecuting"
"385","care","persecution"
"386","care","punch"
"387","care","punched"
"388","care","puncher"
"389","care","punchers"
"390","care","punches"
"391","care","punching"
"392","care","rape"
"393","care","raped"
"394","care","rapes"
"395","care","raping"
"396","care","rapist"
"397","care","rapists"
"398","care","ravage"
"399","care","ravaged"
"400","care","ravages"
"401","care","ravaging"
"402","care","smite"
"403","care","smother"
"404","care","smothered"
"405","care","smothering"
"406","care","smothers"
"407","care","sorrow"
"408","care","sorrowful"
"409","care","sorrows"
"410","care","stabbed"
"411","care","stabber"
"412","care","stabbers"
"413","care","stabbing"
"414","care","stabs"
"415","care","suffer"
"416","care","suffered"
"417","care","sufferer"
"418","care","sufferers"
"419","care","suffering"
"420","care","suffers"
"421","care","threat"
"422","care","threaten"
"423","care","threatened"
"424","care","threatening"
"425","care","threateningly"
"426","care","threatens"
"427","care","threats"
"428","care","torment"
"429","care","tormented"
"430","care","tormenter"
"431","care","tormenters"
"432","care","tormenting"
"433","care","tormentor"
"434","care","torments"
"435","care","torture"
"436","care","tortured"
"437","care","torturer"
"438","care","torturers"
"439","care","tortures"
"440","care","torturing"
"441","care","torturous"
"442","care","tribulation"
"443","care","tribulations"
"444","care","uncaring"
"445","care","uncaringly"
"446","care","uncharitable"
"447","care","uncompassionate"
"448","care","ungenerous"
"449","care","unhelpful"
"450","care","unhelpfulness"
"451","care","unkind"
"452","care","unkindness"
"453","care","unmerciful"
"454","care","victim"
"455","care","victimises"
"456","care","victimization"
"457","care","victimize"
"458","care","victimizer"
"459","care","victimizers"
"460","care","victimizes"
"461","care","victimizing"
"462","care","victims"
"463","care","violence"
"464","care","violent"
"465","care","vulnerability"
"466","care","vulnerable"
"467","care","wound"
"468","care","wounded"
"469","care","wounding"
"470","care","wounds"
"471","fairness","avenge"
"472","fairness","avenged"
"473","fairness","avenger"
"474","fairness","avengers"
"475","fairness","avenges"
"476","fairness","avenging"
"477","fairness","been objective"
"478","fairness","being objective"
"479","fairness","civil right"
"480","fairness","civil rights"
"481","fairness","compensate"
"482","fairness","compensated"
"483","fairness","compensates"
"484","fairness","compensating"
"485","fairness","compensation"
"486","fairness","do unto others"
"487","fairness","due process"
"488","fairness","due processes"
"489","fairness","due processing"
"490","fairness","dues"
"491","fairness","egalitarian"
"492","fairness","egalitarians"
"493","fairness","equal"
"494","fairness","equalities"
"495","fairness","equality"
"496","fairness","equalize"
"497","fairness","equalizer"
"498","fairness","equalizers"
"499","fairness","equals"
"500","fairness","equitable"
"501","fairness","equities"
"502","fairness","equity"
"503","fairness","eye for an eye"
"504","fairness","fair"
"505","fairness","fairminded"
"506","fairness","fairness"
"507","fairness","fairplay"
"508","fairness","golden rule"
"509","fairness","honest"
"510","fairness","honesty"
"511","fairness","impartial"
"512","fairness","impartiality"
"513","fairness","integrity"
"514","fairness","justice"
"515","fairness","justices"
"516","fairness","justification"
"517","fairness","justified"
"518","fairness","justifies"
"519","fairness","justify"
"520","fairness","justifying"
"521","fairness","justness"
"522","fairness","karma"
"523","fairness","law"
"524","fairness","lawful"
"525","fairness","lawfully"
"526","fairness","laws"
"527","fairness","lawyer"
"528","fairness","lawyered"
"529","fairness","lawyering"
"530","fairness","lawyers"
"531","fairness","level playing field"
"532","fairness","level playing fields"
"533","fairness","level the playing field"
"534","fairness","levels the playing field"
"535","fairness","objectiveness"
"536","fairness","parity"
"537","fairness","pay back"
"538","fairness","payback"
"539","fairness","proportional"
"540","fairness","proportionality"
"541","fairness","reciprocal"
"542","fairness","reciprocity"
"543","fairness","referee"
"544","fairness","refereed"
"545","fairness","refereeing"
"546","fairness","referees"
"547","fairness","repaid"
"548","fairness","reparation"
"549","fairness","reparations"
"550","fairness","repay"
"551","fairness","repaying"
"552","fairness","repayment"
"553","fairness","repayments"
"554","fairness","repays"
"555","fairness","restitution"
"556","fairness","retaliate"
"557","fairness","retaliated"
"558","fairness","retaliates"
"559","fairness","retaliating"
"560","fairness","retaliation"
"561","fairness","retribution"
"562","fairness","retributions"
"563","fairness","revenge"
"564","fairness","revenger"
"565","fairness","rights"
"566","fairness","sportsmanship"
"567","fairness","square deal"
"568","fairness","square dealer"
"569","fairness","square dealers"
"570","fairness","square dealing"
"571","fairness","square deals"
"572","fairness","tit for tat"
"573","fairness","tribunal"
"574","fairness","tribunals"
"575","fairness","trust"
"576","fairness","trusted"
"577","fairness","trusting"
"578","fairness","trusts"
"579","fairness","trustworthiness"
"580","fairness","trustworthy"
"581","fairness","unbias"
"582","fairness","unbiased"
"583","fairness","unprejudiced"
"584","fairness","vengeance"
"585","fairness","will share"
"586","fairness","am partial"
"587","fairness","bamboozle"
"588","fairness","bamboozled"
"589","fairness","bamboozles"
"590","fairness","bamboozling"
"591","fairness","be partial"
"592","fairness","been partial"
"593","fairness","behind their back"
"594","fairness","behind their backs"
"595","fairness","being partial"
"596","fairness","betray"
"597","fairness","betrayal"
"598","fairness","betrayed"
"599","fairness","betrayer"
"600","fairness","betrayers"
"601","fairness","betraying"
"602","fairness","betrays"
"603","fairness","bias"
"604","fairness","biased"
"605","fairness","biases"
"606","fairness","biasing"
"607","fairness","bigot"
"608","fairness","bigoted"
"609","fairness","bigots"
"610","fairness","bilk"
"611","fairness","bilked"
"612","fairness","bilking"
"613","fairness","bilks"
"614","fairness","blackmail"
"615","fairness","blackmailed"
"616","fairness","blackmailer"
"617","fairness","blackmailers"
"618","fairness","blackmailing"
"619","fairness","blackmails"
"620","fairness","chauvinists"
"621","fairness","cheat"
"622","fairness","cheated"
"623","fairness","cheater"
"624","fairness","cheaters"
"625","fairness","cheating"
"626","fairness","cheats"
"627","fairness","con artist"
"628","fairness","con artists"
"629","fairness","connive"
"630","fairness","connived"
"631","fairness","conniver"
"632","fairness","connivers"
"633","fairness","connives"
"634","fairness","conniving"
"635","fairness","crook"
"636","fairness","crooked"
"637","fairness","crooks"
"638","fairness","deceipt"
"639","fairness","deceive"
"640","fairness","deceived"
"641","fairness","deceiver"
"642","fairness","deceivers"
"643","fairness","deceives"
"644","fairness","deceiving"
"645","fairness","deceivingly"
"646","fairness","deception"
"647","fairness","defraud"
"648","fairness","defrauded"
"649","fairness","defrauder"
"650","fairness","defrauders"
"651","fairness","defrauding"
"652","fairness","defrauds"
"653","fairness","did rob"
"654","fairness","disadvantaged"
"655","fairness","discriminate"
"656","fairness","discriminated"
"657","fairness","discriminates"
"658","fairness","discriminating"
"659","fairness","discrimination"
"660","fairness","dishonest"
"661","fairness","dishonesty"
"662","fairness","disparity"
"663","fairness","disproportion"
"664","fairness","disproportionate"
"665","fairness","disproportionately"
"666","fairness","disproportioned"
"667","fairness","disproportions"
"668","fairness","distrust"
"669","fairness","distrusted"
"670","fairness","distrustful"
"671","fairness","distrusting"
"672","fairness","distrusts"
"673","fairness","double cross"
"674","fairness","double crossed"
"675","fairness","double crosser"
"676","fairness","double crossers"
"677","fairness","double crosses"
"678","fairness","double crossing"
"679","fairness","dupe"
"680","fairness","dupes"
"681","fairness","duping"
"682","fairness","duplicitous"
"683","fairness","economic disparity"
"684","fairness","exploit"
"685","fairness","exploitation"
"686","fairness","exploited"
"687","fairness","exploiter"
"688","fairness","exploiters"
"689","fairness","exploiting"
"690","fairness","exploits"
"691","fairness","false advertise"
"692","fairness","false advertised"
"693","fairness","false advertisement"
"694","fairness","false advertiser"
"695","fairness","false advertisers"
"696","fairness","false advertises"
"697","fairness","false advertising"
"698","fairness","false impression"
"699","fairness","false impressions"
"700","fairness","false witness"
"701","fairness","favoritism"
"702","fairness","fleeced"
"703","fairness","fleecing"
"704","fairness","fraud"
"705","fairness","frauds"
"706","fairness","fraudulent"
"707","fairness","free rider"
"708","fairness","free riders"
"709","fairness","freeload"
"710","fairness","freeloader"
"711","fairness","freeloaders"
"712","fairness","freeloading"
"713","fairness","go back on"
"714","fairness","hoodwink"
"715","fairness","hoodwinked"
"716","fairness","hoodwinking"
"717","fairness","hoodwinks"
"718","fairness","hypocrisy"
"719","fairness","hypocrite"
"720","fairness","hypocrites"
"721","fairness","imbalance"
"722","fairness","imbalanced"
"723","fairness","imbalances"
"724","fairness","imposter"
"725","fairness","imposters"
"726","fairness","inequalities"
"727","fairness","inequality"
"728","fairness","inequities"
"729","fairness","inequity"
"730","fairness","injustice"
"731","fairness","injustices"
"732","fairness","liar"
"733","fairness","liars"
"734","fairness","lied"
"735","fairness","lying"
"736","fairness","mislead"
"737","fairness","misleader"
"738","fairness","misleaders"
"739","fairness","misleading"
"740","fairness","misleadingly"
"741","fairness","misleads"
"742","fairness","mooch"
"743","fairness","mooched"
"744","fairness","moocher"
"745","fairness","moochers"
"746","fairness","mooches"
"747","fairness","mooching"
"748","fairness","oppress"
"749","fairness","oppression"
"750","fairness","partiality"
"751","fairness","pickpocket"
"752","fairness","pickpocketed"
"753","fairness","pickpocketing"
"754","fairness","pickpockets"
"755","fairness","plagiarism"
"756","fairness","plagiaristic"
"757","fairness","prejudice"
"758","fairness","prejudiced"
"759","fairness","prejudicing"
"760","fairness","racism"
"761","fairness","racist"
"762","fairness","racists"
"763","fairness","ripoff"
"764","fairness","ripoffs"
"765","fairness","ripped off"
"766","fairness","ripping off"
"767","fairness","rips off"
"768","fairness","robbed"
"769","fairness","robber"
"770","fairness","robbers"
"771","fairness","robbing"
"772","fairness","robs"
"773","fairness","scam"
"774","fairness","scammed"
"775","fairness","scammer"
"776","fairness","scammers"
"777","fairness","scamming"
"778","fairness","scams"
"779","fairness","segregate"
"780","fairness","segregated"
"781","fairness","segregates"
"782","fairness","segregating"
"783","fairness","segregation"
"784","fairness","sexism"
"785","fairness","sexist"
"786","fairness","sexists"
"787","fairness","shyster"
"788","fairness","shysters"
"789","fairness","stacked deck"
"790","fairness","stacked the deck"
"791","fairness","stacking the deck"
"792","fairness","stacks the deck"
"793","fairness","steal"
"794","fairness","stealing"
"795","fairness","steals"
"796","fairness","stole"
"797","fairness","stolen"
"798","fairness","suckered"
"799","fairness","swindle"
"800","fairness","swindled"
"801","fairness","swindler"
"802","fairness","swindlers"
"803","fairness","swindles"
"804","fairness","swindling"
"805","fairness","taking advantage"
"806","fairness","theft"
"807","fairness","thief"
"808","fairness","thieves"
"809","fairness","thieving"
"810","fairness","tricked"
"811","fairness","tricking"
"812","fairness","trickster"
"813","fairness","unequal"
"814","fairness","unequaled"
"815","fairness","unfair"
"816","fairness","unfairness"
"817","fairness","unjust"
"818","fairness","untrustworthiness"
"819","fairness","untrustworthy"
"820","fairness","was partial"
"821","fairness","will rob"
"822","loyalty","all for one"
"823","loyalty","allegiance"
"824","loyalty","allegiances"
"825","loyalty","allegiant"
"826","loyalty","allied"
"827","loyalty","allies"
"828","loyalty","ally"
"829","loyalty","belong"
"830","loyalty","belonged"
"831","loyalty","belonging"
"832","loyalty","belongs"
"833","loyalty","bowed"
"834","loyalty","brothers in arms"
"835","loyalty","clan"
"836","loyalty","clans"
"837","loyalty","clique"
"838","loyalty","cliques"
"839","loyalty","coalition"
"840","loyalty","coalitions"
"841","loyalty","cohort"
"842","loyalty","cohorts"
"843","loyalty","collective"
"844","loyalty","collectively"
"845","loyalty","collectives"
"846","loyalty","commune"
"847","loyalty","communes"
"848","loyalty","communion"
"849","loyalty","communities"
"850","loyalty","community"
"851","loyalty","companies"
"852","loyalty","companion"
"853","loyalty","companions"
"854","loyalty","companionship"
"855","loyalty","companionships"
"856","loyalty","company"
"857","loyalty","comrade"
"858","loyalty","comradery"
"859","loyalty","comrades"
"860","loyalty","congregate"
"861","loyalty","congregates"
"862","loyalty","congregating"
"863","loyalty","congregation"
"864","loyalty","congregations"
"865","loyalty","corps"
"866","loyalty","countries"
"867","loyalty","country"
"868","loyalty","cult"
"869","loyalty","cults"
"870","loyalty","death do us part"
"871","loyalty","enlist"
"872","loyalty","enlisted"
"873","loyalty","enlisting"
"874","loyalty","enlistment"
"875","loyalty","enlists"
"876","loyalty","faction"
"877","loyalty","factions"
"878","loyalty","familiar"
"879","loyalty","familiarities"
"880","loyalty","familiarity"
"881","loyalty","families"
"882","loyalty","family"
"883","loyalty","fellow"
"884","loyalty","fellows"
"885","loyalty","fellowship"
"886","loyalty","fellowships"
"887","loyalty","fidelity"
"888","loyalty","follower"
"889","loyalty","followers"
"890","loyalty","group"
"891","loyalty","grouped"
"892","loyalty","grouping"
"893","loyalty","groups"
"894","loyalty","hazing"
"895","loyalty","hazings"
"896","loyalty","herd"
"897","loyalty","herded"
"898","loyalty","herder"
"899","loyalty","herders"
"900","loyalty","herding"
"901","loyalty","herds"
"902","loyalty","homeland"
"903","loyalty","homelands"
"904","loyalty","horde"
"905","loyalty","hordes"
"906","loyalty","indivisible"
"907","loyalty","ingroup"
"908","loyalty","insider"
"909","loyalty","insiders"
"910","loyalty","joining"
"911","loyalty","kin"
"912","loyalty","kinship"
"913","loyalty","loyal"
"914","loyalty","loyalties"
"915","loyalty","loyalty"
"916","loyalty","nation"
"917","loyalty","nations"
"918","loyalty","old glory"
"919","loyalty","one for all"
"920","loyalty","organization"
"921","loyalty","organizations"
"922","loyalty","patriot"
"923","loyalty","patriots"
"924","loyalty","player"
"925","loyalty","pledge"
"926","loyalty","pledged"
"927","loyalty","pledger"
"928","loyalty","pledgers"
"929","loyalty","pledges"
"930","loyalty","pledging"
"931","loyalty","sacrifice"
"932","loyalty","sacrificed"
"933","loyalty","sacrifices"
"934","loyalty","sacrificial"
"935","loyalty","sacrificing"
"936","loyalty","sect"
"937","loyalty","sects"
"938","loyalty","solidarities"
"939","loyalty","solidarity"
"940","loyalty","team player"
"941","loyalty","together"
"942","loyalty","tribal"
"943","loyalty","tribalism"
"944","loyalty","tribe"
"945","loyalty","tribes"
"946","loyalty","troop"
"947","loyalty","trooper"
"948","loyalty","troopers"
"949","loyalty","troops"
"950","loyalty","troupe"
"951","loyalty","troupes"
"952","loyalty","undivided"
"953","loyalty","union jack"
"954","loyalty","unite"
"955","loyalty","united"
"956","loyalty","uniter"
"957","loyalty","uniters"
"958","loyalty","unites"
"959","loyalty","uniting"
"960","loyalty","unity"
"961","loyalty","us against them"
"962","loyalty","war"
"963","loyalty","wife"
"964","loyalty","against us"
"965","loyalty","apostate"
"966","loyalty","apostates"
"967","loyalty","backstab"
"968","loyalty","backstabbed"
"969","loyalty","backstabber"
"970","loyalty","backstabbers"
"971","loyalty","backstabbing"
"972","loyalty","backstabs"
"973","loyalty","betray"
"974","loyalty","betrayed"
"975","loyalty","betrayer"
"976","loyalty","betrayers"
"977","loyalty","betraying"
"978","loyalty","betrays"
"979","loyalty","cheat on"
"980","loyalty","cheated on"
"981","loyalty","cheating on"
"982","loyalty","cheats on"
"983","loyalty","deserter"
"984","loyalty","deserters"
"985","loyalty","deserting"
"986","loyalty","desertion"
"987","loyalty","disloyal"
"988","loyalty","enemies"
"989","loyalty","enemy"
"990","loyalty","heresies"
"991","loyalty","heresy"
"992","loyalty","heretic"
"993","loyalty","heretics"
"994","loyalty","infidel"
"995","loyalty","infidelity"
"996","loyalty","infidels"
"997","loyalty","outgroup"
"998","loyalty","outgroups"
"999","loyalty","outsider"
"1000","loyalty","outsiders"
"1001","loyalty","rebel"
"1002","loyalty","rebellion"
"1003","loyalty","rebellions"
"1004","loyalty","rebels"
"1005","loyalty","traitor"
"1006","loyalty","traitors"
"1007","loyalty","treacherous"
"1008","loyalty","treachery"
"1009","loyalty","treason"
"1010","loyalty","unfaithful"
"1011","loyalty","unfaithfulness"
"1012","loyalty","unpatriotic"
"1013","authority","acquiesce"
"1014","authority","acquiesced"
"1015","authority","acquiescent"
"1016","authority","acquiesces"
"1017","authority","acquiescing"
"1018","authority","adhere"
"1019","authority","adhered"
"1020","authority","adherence"
"1021","authority","adheres"
"1022","authority","adhering"
"1023","authority","admiral"
"1024","authority","admirals"
"1025","authority","allegiance"
"1026","authority","allegiances"
"1027","authority","allegiant"
"1028","authority","arrest"
"1029","authority","arrested"
"1030","authority","arresting"
"1031","authority","arrests"
"1032","authority","authorities"
"1033","authority","authority"
"1034","authority","authorize"
"1035","authority","authorized"
"1036","authority","authorizer"
"1037","authority","authorizes"
"1038","authority","authorizing"
"1039","authority","bishop"
"1040","authority","bishops"
"1041","authority","boss"
"1042","authority","bossed"
"1043","authority","bosses"
"1044","authority","bossing"
"1045","authority","bow before"
"1046","authority","bow down"
"1047","authority","bowed"
"1048","authority","bowing"
"1049","authority","bullied"
"1050","authority","bullies"
"1051","authority","bully"
"1052","authority","bullying"
"1053","authority","bullys"
"1054","authority","by the book"
"1055","authority","captain"
"1056","authority","captained"
"1057","authority","captaining"
"1058","authority","captains"
"1059","authority","caste"
"1060","authority","castes"
"1061","authority","ceo"
"1062","authority","chief"
"1063","authority","chiefs"
"1064","authority","chieftain"
"1065","authority","coerce"
"1066","authority","coerced"
"1067","authority","coerces"
"1068","authority","coercing"
"1069","authority","coersion"
"1070","authority","command"
"1071","authority","commandant"
"1072","authority","commanded"
"1073","authority","commander"
"1074","authority","commanders"
"1075","authority","commanding"
"1076","authority","commandingly"
"1077","authority","commandment"
"1078","authority","commandments"
"1079","authority","commands"
"1080","authority","compliance"
"1081","authority","compliant"
"1082","authority","compliantly"
"1083","authority","comply"
"1084","authority","control"
"1085","authority","controlled"
"1086","authority","controller"
"1087","authority","controllers"
"1088","authority","controlling"
"1089","authority","controls"
"1090","authority","corporate ladder"
"1091","authority","corporate ladders"
"1092","authority","covenant"
"1093","authority","covenants"
"1094","authority","dean"
"1095","authority","decree"
"1096","authority","decreeing"
"1097","authority","decrees"
"1098","authority","deference"
"1099","authority","deferential"
"1100","authority","deferentially"
"1101","authority","dictate"
"1102","authority","dictated"
"1103","authority","dictates"
"1104","authority","dictating"
"1105","authority","dictation"
"1106","authority","dictator"
"1107","authority","dictators"
"1108","authority","divine right"
"1109","authority","do as one says"
"1110","authority","dominant"
"1111","authority","dominate"
"1112","authority","dominated"
"1113","authority","dominates"
"1114","authority","dominating"
"1115","authority","dominion"
"1116","authority","dominions"
"1117","authority","duties"
"1118","authority","dutiful"
"1119","authority","duty"
"1120","authority","elder"
"1121","authority","elderly"
"1122","authority","elders"
"1123","authority","emperor"
"1124","authority","emperors"
"1125","authority","empire"
"1126","authority","empires"
"1127","authority","father"
"1128","authority","fathered"
"1129","authority","fathering"
"1130","authority","fathers"
"1131","authority","filial piety"
"1132","authority","forbade"
"1133","authority","forbid"
"1134","authority","forbidding"
"1135","authority","forbiddingly"
"1136","authority","forbids"
"1137","authority","govern"
"1138","authority","governed"
"1139","authority","governess"
"1140","authority","governing"
"1141","authority","governor"
"1142","authority","governors"
"1143","authority","governs"
"1144","authority","guide"
"1145","authority","guides"
"1146","authority","guiding"
"1147","authority","head honcho"
"1148","authority","hierarchical"
"1149","authority","hierarchies"
"1150","authority","hierarchy"
"1151","authority","honor"
"1152","authority","honorable"
"1153","authority","honored"
"1154","authority","honoring"
"1155","authority","honors"
"1156","authority","in charge"
"1157","authority","institution"
"1158","authority","institutional"
"1159","authority","institutions"
"1160","authority","lead by example"
"1161","authority","leader"
"1162","authority","leaders"
"1163","authority","leadership"
"1164","authority","lionize"
"1165","authority","lionizes"
"1166","authority","lionizing"
"1167","authority","lorded over"
"1168","authority","manager"
"1169","authority","managerial"
"1170","authority","managers"
"1171","authority","master"
"1172","authority","matriarch"
"1173","authority","matriarchal"
"1174","authority","matriarchs"
"1175","authority","matriarchy"
"1176","authority","mentor"
"1177","authority","mentored"
"1178","authority","mentoring"
"1179","authority","mentors"
"1180","authority","monarch"
"1181","authority","monarchical"
"1182","authority","monarchies"
"1183","authority","monarchs"
"1184","authority","monarchy"
"1185","authority","nobility"
"1186","authority","noble"
"1187","authority","nobles"
"1188","authority","obedience"
"1189","authority","obedient"
"1190","authority","obediently"
"1191","authority","obey"
"1192","authority","obeyed"
"1193","authority","obeying"
"1194","authority","obeys"
"1195","authority","oligarch"
"1196","authority","oligarchies"
"1197","authority","oligarchs"
"1198","authority","oligarchy"
"1199","authority","oppress"
"1200","authority","order"
"1201","authority","ordered"
"1202","authority","ordering"
"1203","authority","patriarch"
"1204","authority","patriarchs"
"1205","authority","patriarchy"
"1206","authority","pecking order"
"1207","authority","permission"
"1208","authority","permit"
"1209","authority","permits"
"1210","authority","police"
"1211","authority","policing"
"1212","authority","polite"
"1213","authority","politeness"
"1214","authority","pope"
"1215","authority","preside over"
"1216","authority","president"
"1217","authority","presidential"
"1218","authority","presidents"
"1219","authority","prime minister"
"1220","authority","prime ministerial"
"1221","authority","prime ministers"
"1222","authority","principal"
"1223","authority","principals"
"1224","authority","proper"
"1225","authority","protect"
"1226","authority","protected"
"1227","authority","protecting"
"1228","authority","protection"
"1229","authority","protector"
"1230","authority","protectors"
"1231","authority","protects"
"1232","authority","punish"
"1233","authority","punished"
"1234","authority","punisher"
"1235","authority","punishers"
"1236","authority","punishes"
"1237","authority","punishing"
"1238","authority","punishingly"
"1239","authority","punishment"
"1240","authority","punishments"
"1241","authority","punitive"
"1242","authority","queen"
"1243","authority","queens"
"1244","authority","rank"
"1245","authority","ranked"
"1246","authority","ranking"
"1247","authority","ranks"
"1248","authority","regulation"
"1249","authority","regulations"
"1250","authority","respect"
"1251","authority","respected"
"1252","authority","respectful"
"1253","authority","respectfully"
"1254","authority","respecting"
"1255","authority","respects"
"1256","authority","revere"
"1257","authority","revered"
"1258","authority","reverence"
"1259","authority","reverential"
"1260","authority","reveres"
"1261","authority","ringleader"
"1262","authority","ringleaders"
"1263","authority","ruling"
"1264","authority","servant"
"1265","authority","servants"
"1266","authority","slave"
"1267","authority","slaved"
"1268","authority","slaves"
"1269","authority","slaving"
"1270","authority","slavishly"
"1271","authority","social order"
"1272","authority","stature"
"1273","authority","submission"
"1274","authority","submissions"
"1275","authority","submit"
"1276","authority","submits"
"1277","authority","submitted"
"1278","authority","submitter"
"1279","authority","submitters"
"1280","authority","submitting"
"1281","authority","subordinate"
"1282","authority","subordinated"
"1283","authority","subordinates"
"1284","authority","subordinating"
"1285","authority","subordination"
"1286","authority","supervise"
"1287","authority","supervised"
"1288","authority","superviser"
"1289","authority","supervisers"
"1290","authority","supervises"
"1291","authority","supervising"
"1292","authority","supervision"
"1293","authority","take orders"
"1294","authority","take up arms"
"1295","authority","toe the line"
"1296","authority","top dog"
"1297","authority","top gun"
"1298","authority","tradition"
"1299","authority","traditional"
"1300","authority","traitor"
"1301","authority","traitors"
"1302","authority","underling"
"1303","authority","underlings"
"1304","authority","venerate"
"1305","authority","venerated"
"1306","authority","venerates"
"1307","authority","venerating"
"1308","authority","veneration"
"1309","authority","vice president"
"1310","authority","wear the crown"
"1311","authority","willing"
"1312","authority","worship"
"1313","authority","worships"
"1314","authority","anarchist"
"1315","authority","anarchistic"
"1316","authority","anarchists"
"1317","authority","anarchy"
"1318","authority","apostate"
"1319","authority","apostates"
"1320","authority","bedlam"
"1321","authority","chaos"
"1322","authority","chaotic"
"1323","authority","chaotically"
"1324","authority","disarray"
"1325","authority","disarrayed"
"1326","authority","dishonor"
"1327","authority","dishonorable"
"1328","authority","dishonored"
"1329","authority","dishonoring"
"1330","authority","dishonors"
"1331","authority","dishonouring"
"1332","authority","dishonours"
"1333","authority","disobedience"
"1334","authority","disobedient"
"1335","authority","disobey"
"1336","authority","disorder"
"1337","authority","disordered"
"1338","authority","disordering"
"1339","authority","disrespect"
"1340","authority","disrespected"
"1341","authority","disrespecting"
"1342","authority","disrespects"
"1343","authority","dissent"
"1344","authority","dissented"
"1345","authority","dissenter"
"1346","authority","dissenters"
"1347","authority","dissenting"
"1348","authority","dissention"
"1349","authority","dissents"
"1350","authority","dissident"
"1351","authority","dissidents"
"1352","authority","heresies"
"1353","authority","heresy"
"1354","authority","heretic"
"1355","authority","heretical"
"1356","authority","heretics"
"1357","authority","illegal"
"1358","authority","illegality"
"1359","authority","illegals"
"1360","authority","impolite"
"1361","authority","insubordinate"
"1362","authority","insurrection"
"1363","authority","insurrectional"
"1364","authority","insurrectionist"
"1365","authority","insurrections"
"1366","authority","lawless"
"1367","authority","lawlessness"
"1368","authority","misrule"
"1369","authority","misruled"
"1370","authority","misruling"
"1371","authority","mutinied"
"1372","authority","mutinies"
"1373","authority","mutinous"
"1374","authority","mutiny"
"1375","authority","nonconforming"
"1376","authority","nonconformist"
"1377","authority","nonconformists"
"1378","authority","nonconformity"
"1379","authority","orders"
"1380","authority","overpower"
"1381","authority","overpowered"
"1382","authority","overpowering"
"1383","authority","overpowers"
"1384","authority","overthrew"
"1385","authority","overthrow"
"1386","authority","overthrowing"
"1387","authority","overthrown"
"1388","authority","overthrows"
"1389","authority","pandemonium"
"1390","authority","permissive"
"1391","authority","permissiveness"
"1392","authority","rabble rouser"
"1393","authority","rabble rousers"
"1394","authority","rabble rousing"
"1395","authority","raise hell"
"1396","authority","raises hell"
"1397","authority","raising hell"
"1398","authority","rebel"
"1399","authority","rebelled"
"1400","authority","rebelling"
"1401","authority","rebellion"
"1402","authority","rebellions"
"1403","authority","rebels"
"1404","authority","refuse"
"1405","authority","refused"
"1406","authority","refuser"
"1407","authority","refusers"
"1408","authority","refuses"
"1409","authority","refusing"
"1410","authority","renegade"
"1411","authority","renegades"
"1412","authority","riot"
"1413","authority","rioted"
"1414","authority","rioter"
"1415","authority","rioters"
"1416","authority","rioting"
"1417","authority","riots"
"1418","authority","rock the boat"
"1419","authority","sedition"
"1420","authority","subversion"
"1421","authority","subvert"
"1422","authority","subverted"
"1423","authority","subverting"
"1424","authority","subverts"
"1425","authority","traditions"
"1426","authority","transgress"
"1427","authority","transgressed"
"1428","authority","transgresses"
"1429","authority","transgressing"
"1430","authority","transgression"
"1431","authority","treacherous"
"1432","authority","treachery"
"1433","authority","treason"
"1434","authority","trouble maker"
"1435","authority","tumult"
"1436","authority","tumultuous"
"1437","authority","unathorized"
"1438","authority","unlawful"
"1439","authority","unlawfully"
"1440","authority","unlawfulness"
"1441","authority","unruly"
"1442","authority","uprising"
"1443","authority","uprisings"
"1444","sanctity","abstinance"
"1445","sanctity","abstinence"
"1446","sanctity","allah"
"1447","sanctity","almighty"
"1448","sanctity","angel"
"1449","sanctity","apostle"
"1450","sanctity","apostles"
"1451","sanctity","atone"
"1452","sanctity","atoned"
"1453","sanctity","atonement"
"1454","sanctity","atones"
"1455","sanctity","atoning"
"1456","sanctity","beatification"
"1457","sanctity","beatify"
"1458","sanctity","beatifying"
"1459","sanctity","bible"
"1460","sanctity","bibles"
"1461","sanctity","biblical"
"1462","sanctity","bless"
"1463","sanctity","blessed"
"1464","sanctity","blesses"
"1465","sanctity","blessing"
"1466","sanctity","blessings"
"1467","sanctity","blood"
"1468","sanctity","bloodiness"
"1469","sanctity","bloody"
"1470","sanctity","body"
"1471","sanctity","buddha"
"1472","sanctity","buddhas"
"1473","sanctity","buddhist"
"1474","sanctity","cathedral"
"1475","sanctity","cathedrals"
"1476","sanctity","catholic"
"1477","sanctity","catholicism"
"1478","sanctity","catholics"
"1479","sanctity","celibacy"
"1480","sanctity","celibate"
"1481","sanctity","chaste"
"1482","sanctity","chastity"
"1483","sanctity","christ"
"1484","sanctity","christian"
"1485","sanctity","christians"
"1486","sanctity","church"
"1487","sanctity","churches"
"1488","sanctity","clean"
"1489","sanctity","cleaned"
"1490","sanctity","cleaner"
"1491","sanctity","cleaners"
"1492","sanctity","cleaning"
"1493","sanctity","cleanliness"
"1494","sanctity","cleans"
"1495","sanctity","communion"
"1496","sanctity","consecrate"
"1497","sanctity","consecrated"
"1498","sanctity","consecrates"
"1499","sanctity","consecrating"
"1500","sanctity","consecration"
"1501","sanctity","decency"
"1502","sanctity","deification"
"1503","sanctity","deify"
"1504","sanctity","deism"
"1505","sanctity","deist"
"1506","sanctity","deists"
"1507","sanctity","deities"
"1508","sanctity","deity"
"1509","sanctity","devout"
"1510","sanctity","dignified"
"1511","sanctity","dignifies"
"1512","sanctity","dignify"
"1513","sanctity","dignifying"
"1514","sanctity","dignities"
"1515","sanctity","dignity"
"1516","sanctity","divine"
"1517","sanctity","divinities"
"1518","sanctity","divinity"
"1519","sanctity","elevating"
"1520","sanctity","enshrine"
"1521","sanctity","enshrined"
"1522","sanctity","enshrines"
"1523","sanctity","enshrining"
"1524","sanctity","eternal"
"1525","sanctity","eternally"
"1526","sanctity","exalt"
"1527","sanctity","exalted"
"1528","sanctity","exalting"
"1529","sanctity","exalts"
"1530","sanctity","exterminate"
"1531","sanctity","exterminated"
"1532","sanctity","exterminates"
"1533","sanctity","exterminating"
"1534","sanctity","extermination"
"1535","sanctity","exterminator"
"1536","sanctity","exterminators"
"1537","sanctity","faith"
"1538","sanctity","faithful"
"1539","sanctity","faithfully"
"1540","sanctity","faiths"
"1541","sanctity","food"
"1542","sanctity","foods"
"1543","sanctity","glories"
"1544","sanctity","glorious"
"1545","sanctity","gloriously"
"1546","sanctity","glory"
"1547","sanctity","god"
"1548","sanctity","godess"
"1549","sanctity","godesses"
"1550","sanctity","godliness"
"1551","sanctity","godly"
"1552","sanctity","gods"
"1553","sanctity","gospel"
"1554","sanctity","gospels"
"1555","sanctity","hallow"
"1556","sanctity","hallowed"
"1557","sanctity","hallowing"
"1558","sanctity","hallows"
"1559","sanctity","heaven"
"1560","sanctity","heavenly"
"1561","sanctity","heavens"
"1562","sanctity","higher power"
"1563","sanctity","holiness"
"1564","sanctity","holy"
"1565","sanctity","holy cross"
"1566","sanctity","holy crosses"
"1567","sanctity","imam"
"1568","sanctity","imams"
"1569","sanctity","immaculate"
"1570","sanctity","immaculately"
"1571","sanctity","immune"
"1572","sanctity","immunities"
"1573","sanctity","immunity"
"1574","sanctity","jesus"
"1575","sanctity","koran"
"1576","sanctity","koranic"
"1577","sanctity","lord"
"1578","sanctity","lords"
"1579","sanctity","marriage"
"1580","sanctity","married"
"1581","sanctity","marries"
"1582","sanctity","marring"
"1583","sanctity","marry"
"1584","sanctity","marrying"
"1585","sanctity","mary"
"1586","sanctity","modesty"
"1587","sanctity","monasteries"
"1588","sanctity","monastery"
"1589","sanctity","monastic"
"1590","sanctity","monasticism"
"1591","sanctity","monk"
"1592","sanctity","monks"
"1593","sanctity","mosque"
"1594","sanctity","mosques"
"1595","sanctity","nobility"
"1596","sanctity","noble"
"1597","sanctity","nobles"
"1598","sanctity","nun"
"1599","sanctity","nunneries"
"1600","sanctity","nunnery"
"1601","sanctity","nuns"
"1602","sanctity","organic"
"1603","sanctity","organically"
"1604","sanctity","organics"
"1605","sanctity","orthodox"
"1606","sanctity","orthodoxies"
"1607","sanctity","orthodoxy"
"1608","sanctity","pastor"
"1609","sanctity","piety"
"1610","sanctity","pious"
"1611","sanctity","pope"
"1612","sanctity","pray"
"1613","sanctity","prayed"
"1614","sanctity","prayer"
"1615","sanctity","prayers"
"1616","sanctity","praying"
"1617","sanctity","prays"
"1618","sanctity","priest"
"1619","sanctity","priestly"
"1620","sanctity","priests"
"1621","sanctity","pristine"
"1622","sanctity","prophet"
"1623","sanctity","prophetic"
"1624","sanctity","prophetically"
"1625","sanctity","prophets"
"1626","sanctity","prude"
"1627","sanctity","pure"
"1628","sanctity","pureness"
"1629","sanctity","purification"
"1630","sanctity","purified"
"1631","sanctity","purifier"
"1632","sanctity","purifiers"
"1633","sanctity","purifies"
"1634","sanctity","purify"
"1635","sanctity","purifying"
"1636","sanctity","purities"
"1637","sanctity","purity"
"1638","sanctity","rabbi"
"1639","sanctity","rabbinical"
"1640","sanctity","rabbis"
"1641","sanctity","raw"
"1642","sanctity","refine"
"1643","sanctity","refined"
"1644","sanctity","refinement"
"1645","sanctity","refines"
"1646","sanctity","refining"
"1647","sanctity","religion"
"1648","sanctity","religions"
"1649","sanctity","religiosity"
"1650","sanctity","religious"
"1651","sanctity","religiously"
"1652","sanctity","repent"
"1653","sanctity","repented"
"1654","sanctity","repenting"
"1655","sanctity","repents"
"1656","sanctity","reverend"
"1657","sanctity","righteous"
"1658","sanctity","righteously"
"1659","sanctity","righteousness"
"1660","sanctity","sacred"
"1661","sanctity","sacredness"
"1662","sanctity","sacrosanct"
"1663","sanctity","saint"
"1664","sanctity","saintliness"
"1665","sanctity","saintly"
"1666","sanctity","saints"
"1667","sanctity","sanctified"
"1668","sanctity","sanctifies"
"1669","sanctity","sanctify"
"1670","sanctity","sanctifying"
"1671","sanctity","sanctity"
"1672","sanctity","scripture"
"1673","sanctity","scriptures"
"1674","sanctity","shrine"
"1675","sanctity","soul"
"1676","sanctity","soulful"
"1677","sanctity","souls"
"1678","sanctity","spiritual"
"1679","sanctity","spirituality"
"1680","sanctity","spotless"
"1681","sanctity","spotlessly"
"1682","sanctity","spotlessness"
"1683","sanctity","stainless"
"1684","sanctity","sterile"
"1685","sanctity","sterility"
"1686","sanctity","supernatural"
"1687","sanctity","synagogue"
"1688","sanctity","synagogues"
"1689","sanctity","tabernacle"
"1690","sanctity","talmudic"
"1691","sanctity","temperance"
"1692","sanctity","temple"
"1693","sanctity","temples"
"1694","sanctity","theological"
"1695","sanctity","theology"
"1696","sanctity","torah"
"1697","sanctity","torahs"
"1698","sanctity","unadulterated"
"1699","sanctity","unchaste"
"1700","sanctity","undefiled"
"1701","sanctity","unspoiled"
"1702","sanctity","unsullied"
"1703","sanctity","untainted"
"1704","sanctity","untouched"
"1705","sanctity","virgin"
"1706","sanctity","virginal"
"1707","sanctity","virginity"
"1708","sanctity","virgins"
"1709","sanctity","wholesome"
"1710","sanctity","wholesomely"
"1711","sanctity","wholesomeness"
"1712","sanctity","worship"
"1713","sanctity","worships"
"1714","sanctity","yogi"
"1715","sanctity","yogis"
"1716","sanctity","abhor"
"1717","sanctity","abhored"
"1718","sanctity","abhors"
"1719","sanctity","addict"
"1720","sanctity","addicted"
"1721","sanctity","addicting"
"1722","sanctity","addiction"
"1723","sanctity","addictions"
"1724","sanctity","addicts"
"1725","sanctity","adulterer"
"1726","sanctity","adulterers"
"1727","sanctity","adulterous"
"1728","sanctity","adultery"
"1729","sanctity","alcoholic"
"1730","sanctity","alcoholics"
"1731","sanctity","alcoholism"
"1732","sanctity","apostate"
"1733","sanctity","apostates"
"1734","sanctity","barf"
"1735","sanctity","barfed"
"1736","sanctity","barfing"
"1737","sanctity","barfs"
"1738","sanctity","befoul"
"1739","sanctity","befouled"
"1740","sanctity","befouling"
"1741","sanctity","befouls"
"1742","sanctity","bm"
"1743","sanctity","cock"
"1744","sanctity","cockroach"
"1745","sanctity","cockroaches"
"1746","sanctity","cocksucker"
"1747","sanctity","cocksuckers"
"1748","sanctity","contagion"
"1749","sanctity","contagious"
"1750","sanctity","contagiously"
"1751","sanctity","contaminant"
"1752","sanctity","contaminants"
"1753","sanctity","contaminate"
"1754","sanctity","contaminated"
"1755","sanctity","contaminates"
"1756","sanctity","contaminating"
"1757","sanctity","contamination"
"1758","sanctity","corpse"
"1759","sanctity","corpses"
"1760","sanctity","corrupt"
"1761","sanctity","corrupted"
"1762","sanctity","corrupting"
"1763","sanctity","corruption"
"1764","sanctity","corrupts"
"1765","sanctity","crappy"
"1766","sanctity","cum"
"1767","sanctity","cunt"
"1768","sanctity","cunts"
"1769","sanctity","curse"
"1770","sanctity","cursed"
"1771","sanctity","curses"
"1772","sanctity","cursing"
"1773","sanctity","damn"
"1774","sanctity","damnation"
"1775","sanctity","damned"
"1776","sanctity","damning"
"1777","sanctity","damns"
"1778","sanctity","debase"
"1779","sanctity","debased"
"1780","sanctity","debases"
"1781","sanctity","debasing"
"1782","sanctity","debaucherous"
"1783","sanctity","debauchery"
"1784","sanctity","decay"
"1785","sanctity","decayed"
"1786","sanctity","decaying"
"1787","sanctity","decays"
"1788","sanctity","defile"
"1789","sanctity","defiled"
"1790","sanctity","defiler"
"1791","sanctity","defilers"
"1792","sanctity","defiles"
"1793","sanctity","defiling"
"1794","sanctity","deflower"
"1795","sanctity","deflowered"
"1796","sanctity","deflowering"
"1797","sanctity","deform"
"1798","sanctity","deformed"
"1799","sanctity","deforming"
"1800","sanctity","deformities"
"1801","sanctity","deformity"
"1802","sanctity","deforms"
"1803","sanctity","degradation"
"1804","sanctity","degrade"
"1805","sanctity","degraded"
"1806","sanctity","degraders"
"1807","sanctity","degrades"
"1808","sanctity","degrading"
"1809","sanctity","degradingly"
"1810","sanctity","deprave"
"1811","sanctity","depraved"
"1812","sanctity","depravities"
"1813","sanctity","depravity"
"1814","sanctity","desecrate"
"1815","sanctity","desecrated"
"1816","sanctity","desecrates"
"1817","sanctity","desecrating"
"1818","sanctity","desecration"
"1819","sanctity","desecrations"
"1820","sanctity","deviant"
"1821","sanctity","deviants"
"1822","sanctity","devil"
"1823","sanctity","dirt"
"1824","sanctity","dirtied"
"1825","sanctity","dirties"
"1826","sanctity","dirty"
"1827","sanctity","dirtying"
"1828","sanctity","disease"
"1829","sanctity","diseased"
"1830","sanctity","diseases"
"1831","sanctity","disgust"
"1832","sanctity","disgusted"
"1833","sanctity","disgusting"
"1834","sanctity","disgustingly"
"1835","sanctity","disgusts"
"1836","sanctity","divorce"
"1837","sanctity","divorced"
"1838","sanctity","divorces"
"1839","sanctity","divorcing"
"1840","sanctity","douchebag"
"1841","sanctity","douchebags"
"1842","sanctity","drug"
"1843","sanctity","drugged"
"1844","sanctity","drugging"
"1845","sanctity","drugs"
"1846","sanctity","dung"
"1847","sanctity","epidemic"
"1848","sanctity","epidemics"
"1849","sanctity","excrement"
"1850","sanctity","excrete"
"1851","sanctity","excreted"
"1852","sanctity","excretes"
"1853","sanctity","excreting"
"1854","sanctity","fecal"
"1855","sanctity","feces"
"1856","sanctity","fester"
"1857","sanctity","festered"
"1858","sanctity","festering"
"1859","sanctity","festers"
"1860","sanctity","filth"
"1861","sanctity","filthy"
"1862","sanctity","flesh"
"1863","sanctity","fornicate"
"1864","sanctity","fornicated"
"1865","sanctity","fornicating"
"1866","sanctity","fornication"
"1867","sanctity","fornicator"
"1868","sanctity","fornicators"
"1869","sanctity","foul"
"1870","sanctity","fuck"
"1871","sanctity","fucked"
"1872","sanctity","fucker"
"1873","sanctity","fuckers"
"1874","sanctity","fucking"
"1875","sanctity","fucks"
"1876","sanctity","gangrene"
"1877","sanctity","gangrenous"
"1878","sanctity","garbage"
"1879","sanctity","germ"
"1880","sanctity","germs"
"1881","sanctity","godless"
"1882","sanctity","gonorrhea"
"1883","sanctity","gross"
"1884","sanctity","grossness"
"1885","sanctity","harlot"
"1886","sanctity","harlots"
"1887","sanctity","hedonism"
"1888","sanctity","hedonist"
"1889","sanctity","hedonistic"
"1890","sanctity","hedonists"
"1891","sanctity","hell"
"1892","sanctity","heresies"
"1893","sanctity","heresy"
"1894","sanctity","heretic"
"1895","sanctity","heretical"
"1896","sanctity","heretics"
"1897","sanctity","hooker"
"1898","sanctity","hookers"
"1899","sanctity","horrific"
"1900","sanctity","horrifying"
"1901","sanctity","horror"
"1902","sanctity","horrors"
"1903","sanctity","impiety"
"1904","sanctity","impious"
"1905","sanctity","impure"
"1906","sanctity","impurities"
"1907","sanctity","impurity"
"1908","sanctity","incest"
"1909","sanctity","incestuous"
"1910","sanctity","incestuously"
"1911","sanctity","indecencies"
"1912","sanctity","indecency"
"1913","sanctity","indecent"
"1914","sanctity","indecently"
"1915","sanctity","infect"
"1916","sanctity","infected"
"1917","sanctity","infecting"
"1918","sanctity","infection"
"1919","sanctity","infections"
"1920","sanctity","infectiousness"
"1921","sanctity","infects"
"1922","sanctity","infest"
"1923","sanctity","infestation"
"1924","sanctity","infested"
"1925","sanctity","infesting"
"1926","sanctity","infests"
"1927","sanctity","leper"
"1928","sanctity","lepers"
"1929","sanctity","leprosy"
"1930","sanctity","lewd"
"1931","sanctity","lewdness"
"1932","sanctity","lice"
"1933","sanctity","manure"
"1934","sanctity","mar"
"1935","sanctity","marred"
"1936","sanctity","moldy"
"1937","sanctity","muck"
"1938","sanctity","mucking"
"1939","sanctity","mucky"
"1940","sanctity","mud"
"1941","sanctity","nausea"
"1942","sanctity","nauseated"
"1943","sanctity","nauseating"
"1944","sanctity","nauseatingly"
"1945","sanctity","nauseous"
"1946","sanctity","necrophilia"
"1947","sanctity","necrophiliac"
"1948","sanctity","necrophiliacs"
"1949","sanctity","obscene"
"1950","sanctity","obscenity"
"1951","sanctity","pandemic"
"1952","sanctity","pandemics"
"1953","sanctity","parasite"
"1954","sanctity","parasites"
"1955","sanctity","parasitic"
"1956","sanctity","parasitically"
"1957","sanctity","pathogen"
"1958","sanctity","pathogenic"
"1959","sanctity","pathogens"
"1960","sanctity","perverse"
"1961","sanctity","perversely"
"1962","sanctity","pervert"
"1963","sanctity","perverted"
"1964","sanctity","perverts"
"1965","sanctity","pestilence"
"1966","sanctity","phlegm"
"1967","sanctity","phlegmatic"
"1968","sanctity","phlegmatically"
"1969","sanctity","pigsty"
"1970","sanctity","plague"
"1971","sanctity","plagued"
"1972","sanctity","plagues"
"1973","sanctity","plaguing"
"1974","sanctity","profane"
"1975","sanctity","profanities"
"1976","sanctity","profanity"
"1977","sanctity","promiscuity"
"1978","sanctity","promiscuous"
"1979","sanctity","prostitute"
"1980","sanctity","prostituted"
"1981","sanctity","prostitutes"
"1982","sanctity","prostituting"
"1983","sanctity","prostitution"
"1984","sanctity","puke"
"1985","sanctity","puked"
"1986","sanctity","pukes"
"1987","sanctity","puking"
"1988","sanctity","pus"
"1989","sanctity","putrid"
"1990","sanctity","rat"
"1991","sanctity","rats"
"1992","sanctity","repugnance"
"1993","sanctity","repugnant"
"1994","sanctity","repugnantly"
"1995","sanctity","repulsed"
"1996","sanctity","repulses"
"1997","sanctity","repulsing"
"1998","sanctity","repulsive"
"1999","sanctity","repulsiveness"
"2000","sanctity","revolting"
"2001","sanctity","risque"
"2002","sanctity","rot"
"2003","sanctity","rotten"
"2004","sanctity","rottenness"
"2005","sanctity","rubbish"
"2006","sanctity","satan"
"2007","sanctity","satanic"
"2008","sanctity","satanically"
"2009","sanctity","scabies"
"2010","sanctity","scatalogical"
"2011","sanctity","scum"
"2012","sanctity","scummy"
"2013","sanctity","scuzz"
"2014","sanctity","scuzzy"
"2015","sanctity","sexual"
"2016","sanctity","sexuality"
"2017","sanctity","shat"
"2018","sanctity","shit"
"2019","sanctity","shite"
"2020","sanctity","shits"
"2021","sanctity","shitter"
"2022","sanctity","shittier"
"2023","sanctity","shitting"
"2024","sanctity","shitty"
"2025","sanctity","sin"
"2026","sanctity","sinful"
"2027","sanctity","sinfully"
"2028","sanctity","sinfulness"
"2029","sanctity","sinned"
"2030","sanctity","sinner"
"2031","sanctity","sinners"
"2032","sanctity","sinning"
"2033","sanctity","sins"
"2034","sanctity","skank"
"2035","sanctity","skanked"
"2036","sanctity","skanking"
"2037","sanctity","skanks"
"2038","sanctity","skanky"
"2039","sanctity","sleaze"
"2040","sanctity","sleaziness"
"2041","sanctity","sleazy"
"2042","sanctity","slime"
"2043","sanctity","slimy"
"2044","sanctity","slut"
"2045","sanctity","sluts"
"2046","sanctity","sluttiness"
"2047","sanctity","slutting"
"2048","sanctity","slutty"
"2049","sanctity","sodomy"
"2050","sanctity","soiled"
"2051","sanctity","spoil"
"2052","sanctity","spoiled"
"2053","sanctity","spoiling"
"2054","sanctity","spreading"
"2055","sanctity","stain"
"2056","sanctity","stained"
"2057","sanctity","staining"
"2058","sanctity","stains"
"2059","sanctity","sullied"
"2060","sanctity","sullies"
"2061","sanctity","sully"
"2062","sanctity","swear"
"2063","sanctity","swearing"
"2064","sanctity","swears"
"2065","sanctity","swore"
"2066","sanctity","taint"
"2067","sanctity","tainted"
"2068","sanctity","tainting"
"2069","sanctity","taints"
"2070","sanctity","tarnish"
"2071","sanctity","tarnished"
"2072","sanctity","tarnishes"
"2073","sanctity","tarnishing"
"2074","sanctity","tarnishment"
"2075","sanctity","trash"
"2076","sanctity","trashed"
"2077","sanctity","trashiness"
"2078","sanctity","trashing"
"2079","sanctity","trashy"
"2080","sanctity","unclean"
"2081","sanctity","uncleanliness"
"2082","sanctity","untouchable"
"2083","sanctity","untouchables"
"2084","sanctity","vermin"
"2085","sanctity","viral"
"2086","sanctity","virus"
"2087","sanctity","viruses"
"2088","sanctity","vomit"
"2089","sanctity","vomits"
"2090","sanctity","vomitted"
"2091","sanctity","vomitting"
"2092","sanctity","waste"
"2093","sanctity","wasted"
"2094","sanctity","waster"
"2095","sanctity","wasters"
"2096","sanctity","wastes"
"2097","sanctity","wasting"
"2098","sanctity","whore"
"2099","sanctity","whored"
"2100","sanctity","whorehouse"
"2101","sanctity","whorehouses"
"2102","sanctity","whores"
"2103","sanctity","whoring"
